"word","type","condition","experiment","grouping","Length","Freq_HAL","Log_Freq_HAL","MorphSp","MorphPr","NMorph","POS"
"absence","prime","orthographic","one","two",7,7304,8.896,NA,"{""ab.s--n=s}","2","NN"
"abstract","target","orthographic","one","two",8,8606,9.06,NA,"{""ab.s--trakt}","2","JJ|NN|VB"
"abuse","target","identity","two","stem-standard",5,25915,10.163,NA,"{@.bj""uz}","1","VB"
"acclaim","target","nw-w_foil","one","one",7,889,6.79,NA,"{@.kl""em}","1","NN|VB"
"acid","prime","stem-from-affix-conds","two","stems-from-aff",4,13610,9.519,NA,"{""a.s@d}","1","NN|JJ"
"acidic","prime","suffix","one","one",6,809,6.696,NA,"{@.s""I4$}.>Ik>","2","JJ"
"active","target","stem-from-affix-conds","two","stems-from-aff",6,35565,10.479,NA,"{""akt}.>Iv>","2","JJ"
"addiction","prime","semantic","one","two",9,3437,8.142,NA,"{@.d""Ik.S$}>n=>","2","NN"
"adjust","target","stem-from-affix-conds","two","stems-from-aff",6,8566,9.056,NA,"{@.dZ""Vst}","1","VB"
"adorable","prime","suffix","one","one",8,935,6.841,NA,"{@.d""Or}.>@.bl=>","2","JJ"
"adore","prime","stem-from-affix-conds","two","stems-from-aff",5,1059,6.965,NA,"{@.d""Or}","1","VB"
"advisable","target","suffixed-stem","one","one",9,1201,7.091,NA,"{@d.v""aIz}.>@.bl=>","2","JJ"
"adviser","prime","suffixed-stem","one","one",7,1024,6.931,NA,"{@d.v""aIz}.>@`>","2","NN"
"agile","target","stem-from-affix-conds","two","stems-from-aff",5,631,6.447,NA,"{""a.dZ@l}","1","JJ|minor"
"agility","target","suffix","one","one",7,1228,7.113,NA,"{@.dZ""Il$}.>@.4i>","2","NN"
"alias","target","identity","two","stem-standard",5,22466,10.02,NA,"{""e.li@s}","1","NN|VB|JJ"
"alien","target","nw-w_foil","two","stem-standard",5,21215,9.962,NA,"{""e.li@n}","1","JJ|NN"
"alliance","target","semantic","one","two",8,9893,9.2,NA,"{@.l""aI$}>@ns>","2","NN"
"allow","target","stem-from-affix-conds","two","stems-from-aff",5,76957,11.251,NA,"{@.l""aU}","1","VB|NN"
"amuse","target","stem-from-suffixed-prime","two","stem-standard",5,644,6.468,NA,"{@.mj""uz}","1","VB"
"amusement","prime","stem-from-suffixed-prime","two","stem-standard",9,2171,7.683,NA,"{@.mj""uz}.>m@nt>","2","NN"
"angel","target","stem-from-suffixed-prime","two","stem-standard",5,18184,9.808,NA,"{""en.dZ@l}","1","NN"
"angelic","prime","stem-from-suffixed-prime","two","stem-standard",7,2815,7.943,NA,"{an.dZ""El$}.>Ik>","2","JJ"
"anger","target","semantic-2","two","stems-from-aff",5,8608,9.06,NA,"{""aN.g@`}","1","NN|VB"
"announced","prime","orthographic","one","two",9,21360,9.969,NA,"{@-.-n""aUns}>t>","3","VB|JJ"
"annoying","target","orthographic","one","two",8,13329,9.498,NA,"{@.n""OI}.>IN>","2","JJ|VB|NN"
"apart","target","nw-w_foil","two","stem-standard",5,22038,10.001,NA,"{@.p""Art}","1","RB"
"apparent","target","semantic","one","two",8,10467,9.256,NA,"{@-.-p""a.r--@nt}","3","JJ"
"applaud","target","identity","one","one",7,1303,7.172,NA,"{@.pl""Od}","1","VB"
"appointed","prime","orthographic","one","two",9,4848,8.486,NA,"{@.p""OIn4}.>@d>","2","VB"
"approval","target","orthographic","one","two",8,10239,9.234,NA,"{@.pr""uv}.>l=>","2","NN"
"approve","target","stem-from-prefixed-prime","two","stem-standard",7,4965,8.51,NA,"{@.pr""uv}","1","VB"
"arguable","prime","suffix","one","one",8,504,6.223,NA,"{""Ar.gju}>@.bl=>","2","JJ"
"argue","prime","stem-from-affix-conds","two","stems-from-aff",5,20857,9.945,NA,"{""Ar.gju}","1","VB"
"aside","target","nw-w_foil","two","stem-standard",5,17413,9.765,NA,"{@.s""aId}","1","RB"
"astrology","prime","semantic","one","two",9,3214,8.075,NA,"{@.str""A-.-l@.dZ--i}","3","NN"
"astronomy","target","semantic","one","two",9,5990,8.698,NA,"{@.str""A-.-n@.m--i}","3","NN"
"aunt","prime","semantic-2","two","stems-from-aff",4,2845,7.953,NA,"{""ant}","1","NN"
"balcony","target","identity","one","one",7,1083,6.987,NA,"{b""al.k@.ni}","1","NN"
"beach","target","identity","two","stem-standard",5,26666,10.191,NA,"{b""itS}","1","NN"
"bearable","prime","suffixed-stem","one","one",8,335,5.814,NA,"{b""Er}.>@.bl=>","2","JJ"
"bearer","target","suffixed-stem","one","one",6,905,6.808,NA,"{b""Er}.>@`>","2","NN"
"birth","target","stem-from-prefixed-prime","two","stem-standard",5,23367,10.059,NA,"{b""3`T}","1","NN"
"bitter","target","stem-from-suffixed-prime","two","stem-standard",6,5910,8.684,NA,"{b""I.4@`}","1","JJ"
"bitterness","prime","stem-from-suffixed-prime","two","stem-standard",10,1210,7.098,NA,"{b""I.4@`}.>n@s>","2","NN"
"black","target","stem-from-suffixed-prime","two","stem-standard",5,160756,11.988,NA,"{bl""ak}","1","JJ|NN|VB"
"blackness","prime","stem-from-suffixed-prime","two","stem-standard",9,487,6.188,NA,"{bl""ak}.>n@s>","2","NN"
"blight","target","nw-w_foil","one","one",6,1971,7.586,NA,"{bl""aIt}","1","NN|VB"
"blindly","prime","suffixed-stem","one","one",7,2137,7.667,NA,"{bl""aInd}.>li>","2","RB"
"blindness","target","suffixed-stem","one","one",9,1337,7.198,NA,"{bl""aInd}.>n@s>","2","NN"
"bliss","prime","stem-from-affix-conds","two","stems-from-aff",5,2218,7.704,NA,"{bl""Is}","1","NN"
"blissful","prime","suffix","one","one",8,423,6.047,NA,"{bl""Is}.>fl=>","2","JJ"
"blossom","target","identity","one","one",7,890,6.791,NA,"{bl""A.sm=}","1","NN|VB"
"blouse","prime","semantic-2","two","stems-from-aff",6,1685,7.43,NA,"{bl""aUs}","1","NN"
"boat","target","semantic-2","two","stems-from-aff",4,15857,9.671,NA,"{b""ot}","1","NN"
"boldly","prime","suffixed-stem","one","one",6,1261,7.14,NA,"{b""old}.>li>","2","RB"
"boldness","target","suffixed-stem","one","one",8,221,5.398,NA,"{b""old}.>n@s>","2","NN"
"bone","target","semantic-2","two","stems-from-aff",4,16063,9.684,NA,"{b""on}","1","NN|VB"
"bonsai","target","nw-w_foil","one","one",6,1800,7.496,NA,"{bAn.s""aI}","1","NN"
"boulevard","target","identity","one","one",9,2518,7.831,NA,"{b""U.l@.vArd}","1","NN"
"breakfast","prime","orthographic","one","two",9,7624,8.939,NA,"{br""Ek-.-f@st}","2","NN|VB"
"breathing","target","orthographic","one","two",9,7054,8.861,NA,"{br""iD}.>IN>","2","NN|VB"
"bright","target","stem-from-suffixed-prime","two","stem-standard",6,13726,9.527,NA,"{br""aIt}","1","JJ|NN"
"brightly","prime","suffixed-stem","one","one",8,889,6.79,NA,"{br""aIt}.>li>","2","RB"
"brightness","prime","stem-from-suffixed-prime","two","stem-standard",10,2061,7.631,NA,"{br""aIt}.>n@s>","2","NN"
"brightness","target","suffixed-stem","one","one",10,2061,7.631,NA,"{br""aIt}.>n@s>","2","NN"
"brittle","target","nw-w_foil","one","one",7,737,6.603,NA,"{br""I.4l=}","1","JJ"
"broad","prime","stem-from-affix-conds","two","stems-from-aff",5,12608,9.442,NA,"{br""Od}","1","JJ|NN"
"broadcast","prime","semantic","one","two",9,15776,9.666,NA,"{br""Od}.{k%ast}","2","NN|VB|JJ"
"broadly","prime","suffix","one","one",7,1385,7.233,NA,"{br""Od}.>li>","2","RB"
"brochure","target","orthographic","one","two",8,4609,8.436,NA,"{bro.S""Ur}","1","NN"
"brothers","prime","orthographic","one","two",8,18042,9.8,NA,"{br""V.D@`}>z>","2","NN"
"bud","target","stem-from-affix-conds","two","stems-from-aff",3,5259,8.568,NA,"{b""Vd}","1","NN|VB"
"build","prime","stem-from-affix-conds","two","stems-from-aff",5,47708,10.773,NA,"{b""Ild}","1","VB|NN"
"bunk","prime","stem-from-affix-conds","two","stems-from-aff",4,1071,6.976,NA,"{b""VNk}","1","NN|VB"
"captive","prime","semantic","one","two",7,2136,7.667,NA,"{k""ap.t--Iv}","2","JJ|NN"
"castle","prime","semantic-2","two","stems-from-aff",6,11629,9.361,NA,"{k""a.sl=}","1","NN"
"catalogs","prime","semantic","one","two",8,6966,8.849,NA,"{k""a.4@.lOg}>z>","2","NN"
"cellular","target","semantic","one","two",8,7932,8.979,NA,"{s""E.l--j@l$}.>@`>","3","JJ"
"chair","target","nw-w_foil","two","stem-standard",5,18589,9.83,NA,"{tS""Er}","1","NN|VB"
"cheap","target","identity","two","stem-standard",5,34326,10.444,NA,"{tS""ip}","1","JJ|RB|NN"
"chemical","target","semantic","one","two",8,15316,9.637,NA,"{k""E.m--I.kl=}","2","NN|JJ"
"cigar","prime","semantic-2","two","stems-from-aff",5,1240,7.123,NA,"{sI.g""Ar}","1","NN"
"civil","target","stem-from-affix-conds","two","stems-from-aff",5,27980,10.239,NA,"{s""I.vl=}","1","JJ|NN"
"civility","target","suffix","one","one",8,674,6.513,NA,"{s@.v""Il$}.>@.4i>","2","NN"
"claim","prime","stem-from-affix-conds","two","stems-from-aff",5,56597,10.944,NA,"{kl""em}","1","NN|VB"
"classical","target","semantic","one","two",9,12132,9.404,NA,"{kl""as$}.>Ik>.>l=>","3","JJ"
"clear","target","stem-from-affix-conds","two","stems-from-aff",5,77302,11.255,NA,"{kl""Ir}","1","JJ|VB|RB"
"click","target","nw-w_foil","two","stem-standard",5,20057,9.906,NA,"{kl""Ik}","1","NN|VB"
"clinical","prime","semantic","one","two",8,8913,9.095,NA,"{kl""I.nIk}.>l=>","2","JJ"
"close","target","stem-from-affix-conds","two","stems-from-aff",5,84927,11.35,NA,"{kl""oz}","1","VB"
"collide","target","nw-w_foil","one","one",7,670,6.507,NA,"{k@.l""aId}","1","VB"
"cologne","target","identity","one","one",7,953,6.86,NA,"{k@.l""on}","1","NN"
"color","target","stem-from-suffixed-prime","two","stem-standard",5,74865,11.223,NA,"{k""V.l@`}","1","NN|VB"
"colorful","prime","stem-from-suffixed-prime","two","stem-standard",8,2462,7.809,NA,"{k""V.l@`}.>fl=>","2","JJ"
"colorful","target","suffixed-stem","one","one",8,2462,7.809,NA,"{k""V.l@`}.>fl=>","2","JJ"
"colorless","prime","suffixed-stem","one","one",9,968,6.875,NA,"{k""V.l@`}.>l@s>","2","JJ"
"comfort","target","stem-from-affix-conds","two","stems-from-aff",7,6490,8.778,NA,"{k""Vm.f@`t}","1","NN|VB"
"common","target","stem-from-affix-conds","two","stems-from-aff",6,97044,11.483,NA,"{k""A.m@n}","1","JJ|NN"
"concise","target","identity","one","one",7,2776,7.929,NA,"{k@n.s""aIs}","1","JJ"
"connect","target","stem-from-affix-conds","two","stems-from-aff",7,37477,10.531,NA,"{k@.n""Ekt}","1","VB|NN"
"consensus","target","semantic","one","two",9,6604,8.795,NA,"{k@n.s""En.s--@s}","2","NN"
"consumers","prime","semantic","one","two",9,6924,8.843,NA,"{k@n-.-s""um}.>@`>>z>","4","NN"
"content","target","stem-from-prefixed-prime","two","stem-standard",7,33314,10.414,NA,"{k""An.tEnt}","1","NN"
"cool","prime","stem-from-affix-conds","two","stems-from-aff",4,49548,10.811,NA,"{k""ul}","1","JJ|VB|NN"
"coolness","prime","suffix","one","one",8,372,5.919,NA,"{k""ul}.>n@s>","2","NN"
"count","target","identity","two","stem-standard",5,34402,10.446,NA,"{k""aUnt}","1","NN|VB"
"create","target","stem-from-prefixed-prime","two","stem-standard",6,73169,11.201,NA,"{kri.""et}","1","VB|NN"
"credit","prime","stem-from-affix-conds","two","stems-from-aff",6,49110,10.802,NA,"{kr""E.4@t}","1","NN|VB"
"criminals","prime","semantic","one","two",9,8559,9.055,NA,"{kr""I.m@.n--l=}>z>","3","NN"
"cripple","target","nw-w_foil","one","one",7,929,6.834,NA,"{kr""I.pl=}","1","NN|VB"
"cube","target","stem-from-affix-conds","two","stems-from-aff",4,5028,8.523,NA,"{kj""ub}","1","NN|VB"
"cubic","target","suffix","one","one",5,1771,7.479,NA,"{kj""ub}.>Ik>","2","JJ"
"cuisine","target","nw-w_foil","one","one",7,1004,6.912,NA,"{kwI.z""in}","1","NN"
"currency","target","semantic","one","two",8,9721,9.182,NA,"{k""3`.r--@n.si}","2","NN"
"cutely","target","suffixed-stem","one","one",6,46,3.829,NA,"{kj""ut}.>li>","2","RB"
"cuteness","prime","suffixed-stem","one","one",8,285,5.652,NA,"{kj""ut}.>n@s>","2","NN"
"cycle","prime","stem-from-affix-conds","two","stems-from-aff",5,20451,9.926,NA,"{s""aI.kl=}","1","NN|VB"
"cyclone","target","identity","one","one",7,2888,7.968,NA,"{s""aI.klon}","1","NN"
"dance","target","identity","two","stem-standard",5,26125,10.171,NA,"{d""ans}","1","NN|VB"
"deaf","prime","stem-from-affix-conds","two","stems-from-aff",4,6119,8.719,NA,"{d""Ef}","1","JJ|NN"
"deafness","prime","suffix","one","one",8,549,6.308,NA,"{d""Ef}.>n@s>","2","NN"
"debacle","target","nw-w_foil","one","one",7,705,6.558,NA,"{dI.b""A.kl=}","1","NN"
"debug","target","prefix","one","one",5,6324,8.752,NA,"<d%i<.{b""Vg}","2","VB"
"debunk","prime","prefix","one","one",6,398,5.986,NA,"<d%i<.{b""VNk}","2","VB"
"deceit","target","stem-from-suffixed-prime","two","stem-standard",6,921,6.825,NA,"{dI.s""it}","1","NN"
"deceitful","prime","stem-from-suffixed-prime","two","stem-standard",9,440,6.087,NA,"{dI.s""it}.>fl=>","2","JJ"
"decent","target","stem-from-affix-conds","two","stems-from-aff",6,22901,10.039,NA,"{d""i.s--n=t}","2","JJ"
"decrease","target","semantic","one","two",8,6441,8.77,NA,"{d""i-.-kris}","2","NN"
"defrost","target","prefix","one","one",7,310,5.737,NA,"<d%i<.{fr""Ost}","2","VB"
"dethrone","prime","prefix","one","one",8,154,5.037,NA,"<d%i<.{Tr""on}","2","VB"
"diagnosis","target","semantic","one","two",9,4182,8.339,NA,"{daI@--g.n""o.s--Is}","3","NN"
"diploma","target","nw-w_foil","one","one",7,1486,7.304,NA,"{dI.pl""o.m@}","1","NN"
"diplomacy","prime","semantic","one","two",9,3413,8.135,NA,"{dI.pl""o.m@-.-si}","2","NN"
"disallow","target","prefix","one","one",8,659,6.491,NA,"<d%Is<.{@.l""aU}","2","VB"
"disappear","target","prefixed-stem","one","one",9,5767,8.66,NA,"<d%Is<.{@.p""Ir}","2","VB"
"disapprove","prime","stem-from-prefixed-prime","two","stem-standard",10,725,6.586,NA,"<d%Is<.{@.pr""uv}","2","VB"
"disarm","target","prefixed-stem","one","one",6,991,6.899,NA,"<dIs<.{""Arm}","2","VB"
"disbelief","target","prefixed-stem","one","one",9,1588,7.37,NA,"<d%Is<.{b@.l""if}","2","NN"
"discharge","target","prefixed-stem","one","one",9,2885,7.967,NA,"<dIs<.{tS""ArdZ}","2","VB"
"disclaim","prime","prefix","one","one",8,381,5.943,NA,"<dIs<.{kl""em}","2","VB"
"discomfort","target","prefix","one","one",10,2000,7.601,NA,"<dIs<.{k""Vm.f@`t}","2","NN|VB"
"disconnect","target","prefix","one","one",10,2700,7.901,NA,"<d%Is<.{k@.n""Ekt}","2","VB"
"discontent","prime","stem-from-prefixed-prime","two","stem-standard",10,524,6.261,NA,"<d%Is<.{k@n.t""Ent}","2","NN|VB"
"discredit","prime","prefix","one","one",9,1907,7.553,NA,"<dIs<.{kr""E.4@t}","2","VB|NN"
"disenchant","prime","stem-from-prefixed-prime","two","stem-standard",10,2091,7.645,NA,"<d%Is<.{In.tS""ant}","2","VB"
"dish","prime","semantic-2","two","stems-from-aff",4,7237,8.887,NA,"{d""IS}","1","NN|VB"
"dishonor","target","prefix","one","one",8,223,5.407,NA,"<dIs<.{""A.n@`}","2","NN|VB"
"dislike","prime","prefixed-stem","one","one",7,5309,8.577,NA,"<dIs<.{l""aIk}","2","VB|NN"
"dislocate","prime","prefixed-stem","one","one",9,61,4.111,NA,"<d""Is<.{lo.ket}","2","VB"
"dismantle","prime","prefix","one","one",9,715,6.572,NA,"<dIs<.{m""an.4l=}","2","VB"
"disorder","prime","prefixed-stem","one","one",8,4525,8.417,NA,"<dIs<.{""Or.4@`}","2","NN"
"disorders","prime","semantic","one","two",9,3889,8.266,NA,"<dIs<.{""Or.4@`}>z>","3","NN"
"disown","target","prefix","one","one",6,262,5.568,NA,"<dIs<.{""on}","2","VB"
"displace","prime","prefixed-stem","one","one",8,369,5.911,NA,"<dIs<.{pl""es}","2","VB"
"disprove","prime","prefix","one","one",8,1576,7.363,NA,"<dIs<.{pr""uv}","2","VB"
"disqualify","prime","prefix","one","one",10,473,6.159,NA,"<dIs<.{kw""A.l@.faI}","2","VB"
"distrust","target","prefixed-stem","one","one",8,1099,7.002,NA,"<dIs<.{tr""Vst}","2","NN|VB"
"disuse","prime","prefixed-stem","one","one",6,127,4.844,NA,"<dIs<.{j""us}","2","NN"
"dive","target","semantic-2","two","stems-from-aff",4,8177,9.009,NA,"{d""aIv}","1","NN|VB"
"divine","prime","stem-from-affix-conds","two","stems-from-aff",6,12808,9.458,NA,"{dI.v""aIn}","1","JJ|NN"
"divinity","prime","suffix","one","one",8,1093,6.997,NA,"{dI.v""In$}.>@.4i>","2","NN"
"domestic","prime","orthographic","one","two",8,12573,9.439,NA,"{d@.m""E.stIk}","1","JJ|NN"
"dominate","target","orthographic","one","two",8,3176,8.063,NA,"{d""A.m@.n--et}","2","VB"
"doubt","target","stem-from-suffixed-prime","two","stem-standard",5,48652,10.792,NA,"{d""aUt}","1","NN|VB"
"doubtful","target","suffixed-stem","one","one",8,1911,7.555,NA,"{d""aUt}.>fl=>","2","JJ"
"doubtful","prime","stem-from-suffixed-prime","two","stem-standard",8,1911,7.555,NA,"{d""aUt}.>fl=>","2","JJ"
"doubtless","prime","suffixed-stem","one","one",9,921,6.825,NA,"{d""aUt}.>l@s>","2","RB"
"dress","target","stem-from-prefixed-prime","two","stem-standard",5,12384,9.424,NA,"{dr""Es}","1","NN|VB"
"dribble","target","nw-w_foil","one","one",7,799,6.683,NA,"{dr""I.bl=}","1","NN|VB"
"drinkable","target","suffixed-stem","one","one",9,202,5.308,NA,"{dr""INk}.>@.bl=>","2","JJ"
"drinker","prime","suffixed-stem","one","one",7,596,6.39,NA,"{dr""INk}.>@`>","2","NN"
"dumb","target","semantic-2","two","stems-from-aff",4,12449,9.429,NA,"{d""Vm}","1","JJ|NN"
"duplicate","prime","semantic","one","two",9,5234,8.563,NA,"{d""u-.-pl@.k--@t}","3","JJ|NN"
"dynamite","prime","semantic","one","two",8,1724,7.452,NA,"{d""aI.n@.m--aIt}","2","NN"
"eight","target","nw-w_foil","two","stem-standard",5,17470,9.768,NA,"{""et}","1","minor|NN"
"election","target","orthographic","one","two",8,12479,9.432,NA,"{I.l""Ek.S$}>n=>","2","NN"
"electric","prime","orthographic","one","two",8,19671,9.887,NA,"{I.l""Ek.tr--Ik}","2","JJ"
"electron","target","semantic","one","two",8,3923,8.275,NA,"{I.l""Ek.tr--An}","2","NN"
"eligible","target","stem-from-prefixed-prime","two","stem-standard",8,5113,8.54,NA,"{""E.lI.dZ@.bl=}","1","JJ"
"enchant","target","stem-from-prefixed-prime","two","stem-standard",7,1933,7.567,NA,"{In.tS""ant}","1","VB"
"enjoyable","target","semantic","one","two",9,4272,8.36,NA,"<In<.{dZ""OI}>@.bl=>","3","JJ"
"enter","target","identity","two","stem-standard",5,36407,10.503,NA,"{""En.4@`}","1","VB"
"even","prime","stem-from-affix-conds","two","stems-from-aff",4,490549,13.103,NA,"{""i.vn=}","1","RB|JJ|NN|VB"
"expert","prime","stem-from-affix-conds","two","stems-from-aff",6,19795,9.893,NA,"{""Ek.sp3`t}","1","NN"
"explosion","target","semantic","one","two",9,5867,8.677,NA,"{Ik.s--pl""o.Z$}>n=>","3","NN"
"fair","prime","stem-from-affix-conds","two","stems-from-aff",4,45321,10.722,NA,"{f""Er}","1","JJ|NN"
"faith","target","stem-from-affix-conds","two","stems-from-aff",5,29740,10.3,NA,"{f""eT}","1","NN"
"faithful","target","suffix","one","one",8,3545,8.173,NA,"{f""eT}.>fl=>","2","JJ|NN"
"fault","target","nw-w_foil","two","stem-standard",5,19968,9.902,NA,"{f""Olt}","1","NN|VB"
"fear","target","nw-w_foil","two","stem-standard",4,34537,10.45,NA,"{f""Ir}","1","NN|VB"
"fearful","target","suffixed-stem","one","one",7,1585,7.368,NA,"{f""Ir}.>fl=>","2","JJ"
"fearless","prime","suffixed-stem","one","one",8,1011,6.919,NA,"{f""Ir}.>l@s>","2","JJ"
"feathers","prime","orthographic","one","two",8,1784,7.487,NA,"{f""E.D@`}>z>","2","NN"
"featured","target","orthographic","one","two",8,6765,8.82,NA,"{f""i.tS@`}>d>","2","VB"
"fertile","target","stem-from-affix-conds","two","stems-from-aff",7,1394,7.24,NA,"{f""3`.4l=}","1","JJ"
"firearms","target","semantic","one","two",8,7939,8.98,NA,"{f""aIr}.{%Arm}>z>","3","NN"
"firm","prime","stem-from-affix-conds","two","stems-from-aff",4,34530,10.45,NA,"{f""3`m}","1","NN|JJ"
"flame","target","identity","two","stem-standard",5,34637,10.453,NA,"{fl""em}","1","NN|VB"
"flash","target","nw-w_foil","two","stem-standard",5,17727,9.783,NA,"{fl""aS}","1","NN|VB"
"fold","target","stem-from-prefixed-prime","two","stem-standard",4,4906,8.498,NA,"{f""old}","1","NN|VB"
"fond","target","stem-from-affix-conds","two","stems-from-aff",4,4113,8.322,NA,"{f""And}","1","NN|JJ"
"fondness","target","suffix","one","one",8,593,6.385,NA,"{f""And}.>n@s>","2","NN"
"fork","target","semantic-2","two","stems-from-aff",4,11253,9.328,NA,"{f""Ork}","1","NN"
"forth","target","nw-w_foil","two","stem-standard",5,22411,10.017,NA,"{f""OrT}","1","RB|NN|JJ"
"fortress","prime","orthographic","one","two",8,3082,8.033,NA,"{f""Or.tr@s}","1","NN"
"fortunate","target","orthographic","one","two",9,3159,8.058,NA,"{f""Or.tSun}.>@t>","2","JJ"
"fortune","target","stem-from-affix-conds","two","stems-from-aff",7,15978,9.679,NA,"{f""Or.tS@n}","1","NN"
"frame","target","identity","two","stem-standard",5,31447,10.356,NA,"{fr""em}","1","NN|VB"
"frantic","target","identity","one","one",7,1160,7.056,NA,"{fr""an.4Ik}","1","JJ"
"freeze","target","stem-from-affix-conds","two","stems-from-aff",6,5680,8.645,NA,"{fr""iz}","1","NN|VB"
"freezer","target","suffix","one","one",7,1554,7.349,NA,"{fr""iz}.>@`>","2","NN"
"frost","target","stem-from-affix-conds","two","stems-from-aff",5,6050,8.708,NA,"{fr""Ost}","1","NN|VB"
"frown","prime","semantic-2","two","stems-from-aff",5,804,6.69,NA,"{fr""aUn}","1","VB"
"fruit","target","stem-from-suffixed-prime","two","stem-standard",5,10728,9.281,NA,"{fr""ut}","1","NN"
"fruitless","prime","stem-from-suffixed-prime","two","stem-standard",9,531,6.275,NA,"{fr""ut}.>l@s>","2","JJ"
"furbish","target","stem-from-affix-conds","two","stems-from-aff",7,4,1.386,NA,"{f""3`.bIS}","1","VB"
"fury","prime","semantic-2","two","stems-from-aff",4,3864,8.259,NA,"{fj""U.ri}","1","NN"
"gamble","target","nw-w_foil","one","one",6,1968,7.585,NA,"{g""am.bl=}","1","VB"
"ghost","prime","stem-from-affix-conds","two","stems-from-aff",5,10849,9.292,NA,"{g""ost}","1","NN"
"ghostly","prime","suffix","one","one",7,851,6.746,NA,"{g""ost}.>li>","2","JJ"
"giant","target","identity","two","stem-standard",5,35553,10.479,NA,"{dZ""aI@nt}","1","NN|JJ"
"glass","target","nw-w_foil","two","stem-standard",5,20768,9.941,NA,"{gl""as}","1","NN"
"gorilla","target","identity","one","one",7,1346,7.205,NA,"{g@`.r""I.l@}","1","NN"
"graduate","target","orthographic","one","two",8,18640,9.833,NA,"{gr""a.dZu--@t}","2","NN|JJ"
"grand","target","nw-w_foil","two","stem-standard",5,22146,10.005,NA,"{gr""and}","1","JJ|NN"
"grant","target","identity","two","stem-standard",5,22314,10.013,NA,"{gr""ant}","1","NN|VB"
"grapple","target","nw-w_foil","one","one",7,750,6.62,NA,"{gr""a.pl=}","1","VB"
"grateful","prime","orthographic","one","two",8,10278,9.238,NA,"{gr""et-.-fl=}","2","JJ"
"grenade","target","identity","one","one",7,2933,7.984,NA,"{gr@.n""ed}","1","NN"
"grow","prime","semantic-2","two","stems-from-aff",4,24803,10.119,NA,"{gr""o}","1","VB|NN"
"harpoon","target","identity","one","one",7,1157,7.054,NA,"{hAr.p""un}","1","NN|VB"
"heat","target","stem-from-suffixed-prime","two","stem-standard",4,28372,10.253,NA,"{h""it}","1","NN|VB"
"heater","prime","stem-from-suffixed-prime","two","stem-standard",6,2178,7.686,NA,"{h""i4}.>@`>","2","NN"
"help","target","stem-from-suffixed-prime","two","stem-standard",4,335483,12.723,NA,"{h""Elp}","1","VB|NN"
"helpless","prime","stem-from-suffixed-prime","two","stem-standard",8,2657,7.885,NA,"{h""Elp}.>l@s>","2","JJ"
"hide","prime","semantic-2","two","stems-from-aff",4,14077,9.552,NA,"{h""aId}","1","VB|NN"
"highly","target","suffixed-stem","one","one",6,40740,10.615,NA,"{h""aI}.>li>","2","RB|NN"
"highness","prime","suffixed-stem","one","one",8,258,5.553,NA,"{h""aI}.>n@s>","2","NN"
"hip","prime","semantic-2","two","stems-from-aff",3,6836,8.83,NA,"{h""Ip}","1","NN"
"honor","target","stem-from-affix-conds","two","stems-from-aff",5,11938,9.387,NA,"{""A.n@`}","1","NN|VB"
"hope","target","stem-from-affix-conds","two","stems-from-aff",4,150675,11.923,NA,"{h""op}","1","NN|VB"
"hopeless","target","suffix","one","one",8,1974,7.588,NA,"{h""op}.>l@s>","2","JJ"
"horse","target","identity","two","stem-standard",5,23855,10.08,NA,"{h""Ors}","1","NN|VB"
"hospice","target","nw-w_foil","one","one",7,697,6.547,NA,"{h""A.spIs}","1","NN"
"host","target","nw-w_foil","two","stem-standard",4,35396,10.474,NA,"{h""ost}","1","NN|VB"
"hull","prime","semantic-2","two","stems-from-aff",4,5090,8.535,NA,"{h""Vl}","1","NN|VB"
"human","prime","stem-from-affix-conds","two","stems-from-aff",5,180168,12.102,NA,"{hj""u.m@n}","1","JJ|NN"
"hurt","prime","stem-from-affix-conds","two","stems-from-aff",4,28018,10.241,NA,"{h""3`t}","1","VB"
"hurtful","prime","suffix","one","one",7,481,6.176,NA,"{h""3`t}.>fl=>","2","JJ"
"idiot","target","stem-from-suffixed-prime","two","stem-standard",5,11911,9.385,NA,"{""I.4i@t}","1","JJ|NN"
"idiotic","prime","stem-from-suffixed-prime","two","stem-standard",7,2354,7.764,NA,"{%I.4i.""A4$}.>Ik>","2","JJ"
"immaterial","prime","stem-from-prefixed-prime","two","stem-standard",10,542,6.295,NA,"<%I<.{m@.t""I.ri@l}","2","JJ"
"immature","prime","stem-from-prefixed-prime","two","stem-standard",8,2842,7.952,NA,"<%I<.{m@.tS""Ur}","2","JJ"
"inactive","target","prefix","one","one",8,1391,7.238,NA,"<In<.{""akt}.>Iv>","3","JJ"
"indecent","target","prefix","one","one",8,5749,8.657,NA,"<In<.{d""i.s--n=t}","3","JJ"
"indirect","prime","prefixed-stem","one","one",8,2835,7.95,NA,"<%In<.{d@.r""Ekt}","2","JJ"
"ineligible","prime","stem-from-prefixed-prime","two","stem-standard",10,549,6.308,NA,"<In<.{""E.lI.dZ@.bl=}","2","JJ"
"inexpert","prime","prefix","one","one",8,23,3.135,NA,"<In<.{""Ek.sp3`t}","2","JJ"
"infertile","target","prefix","one","one",9,350,5.858,NA,"<In<.{f""3`.4l=}","2","JJ"
"infirm","prime","prefix","one","one",6,139,4.934,NA,"<In<.{f""3`m}","2","JJ"
"inhuman","prime","prefix","one","one",7,683,6.526,NA,"<In<.{hj""u.m@n}","2","JJ"
"injustice","prime","prefix","one","one",9,2274,7.729,NA,"<In<.{dZ""V.st--Is}","3","NN"
"insane","target","prefix","one","one",6,6598,8.795,NA,"<In<.{s""en}","2","JJ|NN"
"insecure","target","prefix","one","one",8,3775,8.236,NA,"<%In<.{sI.kj""Ur}","2","JJ|NN"
"intellect","target","identity","one","one",9,2583,7.857,NA,"{""In.4@.lEkt}","1","NN"
"inventory","target","semantic","one","two",9,7008,8.855,NA,"{""In.vn=.t%O.ri}","1","NN"
"invisible","prime","prefix","one","one",9,7180,8.879,NA,"<In<.{v""I.z--@.bl=}","3","JJ"
"iron","prime","semantic-2","two","stems-from-aff",4,19187,9.862,NA,"{""aI@`n}","1","NN|VB|JJ"
"irrational","prime","stem-from-prefixed-prime","two","stem-standard",10,2907,7.975,NA,"<I<.{r""aS.nl=}","2","JJ"
"jail","prime","semantic-2","two","stems-from-aff",4,9659,9.176,NA,"{dZ""el}","1","NN|VB"
"jog","prime","stem-from-affix-conds","two","stems-from-aff",3,656,6.486,NA,"{dZ""Ag}","1","VB"
"jogger","prime","suffix","one","one",6,638,6.458,NA,"{dZ""Ag}.>@`>","2","NN"
"joy","target","stem-from-suffixed-prime","two","stem-standard",3,11703,9.368,NA,"{dZ""OI}","1","NN"
"joyful","prime","stem-from-suffixed-prime","two","stem-standard",6,569,6.344,NA,"{dZ""OI}.>fl=>","2","JJ"
"just","target","stem-from-prefixed-prime","two","stem-standard",4,1020539,13.836,NA,"{dZ""Vst}","1","RB|JJ|NN"
"justice","prime","stem-from-affix-conds","two","stems-from-aff",7,31679,10.363,NA,"{dZ""V.st--Is}","2","NN"
"knife","prime","semantic-2","two","stems-from-aff",5,7120,8.871,NA,"{n""aIf}","1","NN|VB"
"label","target","identity","two","stem-standard",5,22957,10.041,NA,"{l""e.bl=}","1","NN|VB"
"lake","target","nw-w_foil","two","stem-standard",4,21614,9.981,NA,"{l""ek}","1","NN"
"large","prime","stem-from-affix-conds","two","stems-from-aff",5,134354,11.808,NA,"{l""ArdZ}","1","JJ|RB|NN"
"lattice","target","nw-w_foil","one","one",7,774,6.652,NA,"{l""a.4@s}","1","NN"
"lawful","target","suffixed-stem","one","one",6,1805,7.498,NA,"{l""O}.>fl=>","2","JJ"
"lawless","prime","suffixed-stem","one","one",7,696,6.545,NA,"{l""O}.>l@s>","2","JJ"
"lead","prime","stem-from-affix-conds","two","stems-from-aff",4,48779,10.795,NA,"{l""id}","1","VB|NN"
"leash","target","stem-from-prefixed-prime","two","stem-standard",5,2002,7.602,NA,"{l""iS}","1","NN|VB"
"legend","target","semantic-2","two","stems-from-aff",6,13459,9.507,NA,"{l""E.dZ@nd}","1","NN"
"liberals","prime","semantic","one","two",8,8365,9.032,NA,"{l""I.b@`.r--@l}>z>","3","NN"
"lice","target","stem-from-affix-conds","two","stems-from-aff",4,396,5.981,NA,"{l""aIs}","1","NN"
"lick","prime","semantic-2","two","stems-from-aff",4,4418,8.393,NA,"{l""Ik}","1","VB|NN"
"limit","target","identity","two","stem-standard",5,31222,10.349,NA,"{l""I.m@t}","1","NN|VB"
"listen","target","stem-from-suffixed-prime","two","stem-standard",6,33915,10.432,NA,"{l""I.sn=}","1","VB|NN"
"listener","prime","stem-from-suffixed-prime","two","stem-standard",8,2329,7.753,NA,"{l""I.sn=}.>@`>","2","NN"
"live","target","stem-from-prefixed-prime","two","stem-standard",4,128442,11.763,NA,"{l""Iv}","1","VB"
"load","target","stem-from-prefixed-prime","two","stem-standard",4,40668,10.613,NA,"{l""od}","1","NN|VB"
"lock","target","stem-from-prefixed-prime","two","stem-standard",4,18221,9.81,NA,"{l""Ak}","1","NN|VB"
"loose","target","stem-from-suffixed-prime","two","stem-standard",5,25759,10.157,NA,"{l""us}","1","JJ|VB|NN"
"loosely","prime","stem-from-suffixed-prime","two","stem-standard",7,2566,7.85,NA,"{l""us}.>li>","2","RB"
"lotus","target","nw-w_foil","two","stem-standard",5,20082,9.908,NA,"{l""o.4@s}","1","NN"
"loudly","target","suffixed-stem","one","one",6,2995,8.005,NA,"{l""aUd}.>li>","2","RB"
"loudness","prime","suffixed-stem","one","one",8,316,5.756,NA,"{l""aUd}.>n@s>","2","NN"
"lovable","prime","suffixed-stem","one","one",7,419,6.038,NA,"{l""Vv}.>@.bl=>","2","JJ"
"loveless","target","suffixed-stem","one","one",8,255,5.541,NA,"{l""Vv}.>l@s>","2","JJ"
"lunch","target","semantic-2","two","stems-from-aff",5,11094,9.314,NA,"{l""VntS}","1","NN|VB"
"magic","prime","semantic-2","two","stems-from-aff",5,48020,10.779,NA,"{m""a.dZIk}","1","NN|VB"
"magical","prime","orthographic","one","two",7,8370,9.032,NA,"{m""a.dZIk}.>l=>","2","JJ"
"magnetic","target","orthographic","one","two",8,12159,9.406,NA,"{mag.n""E4$}.>Ik>","2","JJ|NN"
"make","target","stem-from-prefixed-prime","two","stem-standard",4,520909,13.163,NA,"{m""ek}","1","VB|NN"
"mantle","prime","stem-from-affix-conds","two","stems-from-aff",6,3190,8.068,NA,"{m""an.4l=}","1","NN"
"marry","prime","stem-from-affix-conds","two","stems-from-aff",5,7832,8.966,NA,"{m""a.ri}","1","VB"
"match","target","stem-from-affix-conds","two","stems-from-aff",5,35069,10.465,NA,"{m""atS}","1","NN|VB"
"material","target","stem-from-prefixed-prime","two","stem-standard",8,59366,10.991,NA,"{m@.t""I.ri@l}","1","NN|JJ"
"mature","target","stem-from-prefixed-prime","two","stem-standard",6,6245,8.74,NA,"{m@.tS""Ur}","1","JJ|VB|NN"
"membrane","target","orthographic","one","two",8,1781,7.485,NA,"{m""Em.bren}","1","NN"
"memories","prime","orthographic","one","two",8,8760,9.078,NA,"{m""E.m@`.r--i}>z>","3","NN"
"metal","target","stem-from-affix-conds","two","stems-from-aff",5,28116,10.244,NA,"{m""E.4l=}","1","NN"
"metallic","target","suffix","one","one",8,1878,7.538,NA,"{m@.t""al$}.>Ik>","2","JJ"
"mind","prime","stem-from-affix-conds","two","stems-from-aff",4,131156,11.784,NA,"{m""aInd}","1","NN|VB"
"mindful","prime","suffix","one","one",7,335,5.814,NA,"{m""aInd}.>fl=>","2","JJ"
"ministry","prime","orthographic","one","two",8,9402,9.149,NA,"{m""I.n@.str--i}","2","NN"
"minor","target","identity","two","stem-standard",5,26175,10.173,NA,"{m""aI.n@`}","1","JJ|NN"
"minority","target","orthographic","one","two",8,13393,9.502,NA,"{mI.n""Or$}.>@.4i>","2","NN"
"miscount","target","prefixed-stem","one","one",8,10,2.303,NA,"<m""Is<.{kaUnt}","2","NN"
"misfit","prime","prefixed-stem","one","one",6,231,5.442,NA,"<m""Is<.{fIt}","2","NN"
"misfortune","target","prefix","one","one",10,864,6.762,NA,"<mIs<.{f""Or.tS@n}","2","NN"
"mislead","prime","prefix","one","one",7,1165,7.06,NA,"<mIs<.{l""id}","2","VB"
"mismatch","target","prefix","one","one",8,1025,6.932,NA,"<m""Is<.{matS}","2","NN"
"misplace","target","prefixed-stem","one","one",8,81,4.394,NA,"<mIs<.{pl""es}","2","VB"
"misprint","prime","prefixed-stem","one","one",8,624,6.436,NA,"<m""Is<.{prInt}","2","NN"
"misread","prime","prefixed-stem","one","one",7,852,6.748,NA,"<mIs<.{r""id}","2","VB"
"misspell","prime","prefix","one","one",8,317,5.759,NA,"<mIs<.{sp""El}","2","VB"
"mistrust","prime","prefixed-stem","one","one",8,485,6.184,NA,"<mIs<.{tr""Vst}","2","VB"
"misuse","target","prefixed-stem","one","one",6,2026,7.614,NA,"<mIs<.{j""us}","2","NN"
"mobile","prime","stem-from-affix-conds","two","stems-from-aff",6,9249,9.132,NA,"{m""o.bl=}","1","JJ|NN"
"mobility","prime","suffix","one","one",8,1805,7.498,NA,"{mo.b""Il$}.>@.4i>","2","NN"
"model","target","stem-from-affix-conds","two","stems-from-aff",5,66839,11.11,NA,"{m""A.4l=}","1","NN|VB"
"monetary","prime","orthographic","one","two",8,4496,8.411,NA,"{m""A.n@.t--%E.ri}","2","JJ|NN"
"monk","prime","semantic-2","two","stems-from-aff",4,3775,8.236,NA,"{m""VNk}","1","NN"
"monsters","target","orthographic","one","two",8,6376,8.76,NA,"{m""An.st@`}>z>","2","NN"
"mount","target","nw-w_foil","two","stem-standard",5,18145,9.806,NA,"{m""aUnt}","1","VB|NN"
"mouse","target","identity","two","stem-standard",5,37838,10.541,NA,"{m""aUs}","1","NN"
"movable","prime","suffixed-stem","one","one",7,446,6.1,NA,"{m""uv}.>@.bl=>","2","JJ"
"mover","target","suffixed-stem","one","one",5,889,6.79,NA,"{m""uv}.>@`>","2","NN"
"muscular","prime","orthographic","one","two",8,2887,7.968,NA,"{m""V.skj@.l--@`}","2","JJ"
"musical","target","orthographic","one","two",7,14696,9.595,NA,"{mj""u.zIk}.>l=>","2","JJ|NN"
"myth","prime","semantic-2","two","stems-from-aff",4,8162,9.007,NA,"{m""IT}","1","NN"
"name","target","stem-from-affix-conds","two","stems-from-aff",4,297695,12.604,NA,"{n""em}","1","NN|VB"
"neck","target","semantic-2","two","stems-from-aff",4,14841,9.605,NA,"{n""Ek}","1","NN|VB"
"nickel","target","nw-w_foil","one","one",6,1984,7.593,NA,"{n""I.kl=}","1","NN|JJ"
"noon","prime","semantic-2","two","stems-from-aff",4,4848,8.486,NA,"{n""un}","1","NN"
"notable","prime","suffix","one","one",7,3232,8.081,NA,"{n""o4}.>@.bl=>","2","JJ"
"note","prime","stem-from-affix-conds","two","stems-from-aff",4,131657,11.788,NA,"{n""ot}","1","NN|VB"
"obese","prime","stem-from-affix-conds","two","stems-from-aff",5,735,6.6,NA,"{o.b""is}","1","JJ"
"obesity","prime","suffix","one","one",7,1029,6.936,NA,"{o.b""is}.>@.4i>","2","NN"
"obscenely","target","suffixed-stem","one","one",9,278,5.628,NA,"{@b.s""in}.>li>","2","RB"
"obscenity","prime","suffixed-stem","one","one",9,2086,7.643,NA,"{@b.s""En$}.>@.4i>","2","NN"
"ocean","target","stem-from-affix-conds","two","stems-from-aff",5,11050,9.31,NA,"{""o.Sn=}","1","NN"
"oceanic","target","suffix","one","one",7,830,6.721,NA,"{%o.Si.""an$}.>Ik>","2","JJ"
"oddity","prime","suffixed-stem","one","one",6,419,6.038,NA,"{""A4}.>@.4i>","2","NN"
"oddly","target","suffixed-stem","one","one",5,2325,7.751,NA,"{""Ad}.>li>","2","RB"
"open","target","stem-from-prefixed-prime","two","stem-standard",4,145040,11.885,NA,"{""o.p@n}","1","JJ|VB|NN|RB"
"overburden","target","prefixed-stem","one","one",10,59,4.078,NA,"<%o.v@`<.{b""3`.dn=}","2","VB"
"overdue","target","prefixed-stem","one","one",7,1099,7.002,NA,"<%o.v@`<.{d""u}","2","JJ"
"overload","prime","stem-from-prefixed-prime","two","stem-standard",8,2585,7.857,NA,"<%o.v@`<.{l""od}","2","VB"
"overrun","target","prefix","one","one",7,1658,7.413,NA,"<%o.v@`<.{r""Vn}","2","VB"
"oversea","prime","prefix","one","one",7,578,6.36,NA,"<%o.v@`<.{s""i}","2","JJ|RB"
"oversee","prime","stem-from-prefixed-prime","two","stem-standard",7,1144,7.042,NA,"<%o.v@`<.{s""i}","2","VB"
"overstock","target","prefixed-stem","one","one",9,125,4.828,NA,"<%o.v@`<.{st""Ak}","2","VB"
"own","target","stem-from-affix-conds","two","stems-from-aff",3,284270,12.558,NA,"{""on}","1","JJ|VB"
"pack","target","stem-from-prefixed-prime","two","stem-standard",4,30418,10.323,NA,"{p""ak}","1","VB|NN"
"pain","prime","stem-from-affix-conds","two","stems-from-aff",4,36596,10.508,NA,"{p""en}","1","NN|VB"
"painless","prime","suffix","one","one",8,1220,7.107,NA,"{p""en}.>l@s>","2","JJ"
"paint","prime","stem-from-affix-conds","two","stems-from-aff",5,15964,9.678,NA,"{p""ent}","1","NN|VB"
"paradise","target","semantic","one","two",8,11010,9.307,NA,"{p""a.r@.daIs}","1","NN"
"parasite","target","identity","one","one",8,2898,7.972,NA,"{p""a.r@.saIt}","1","NN"
"particle","prime","semantic","one","two",8,5898,8.682,NA,"{p""Ar.4I.kl=}","1","NN"
"patch","target","nw-w_foil","two","stem-standard",5,25238,10.136,NA,"{p""atS}","1","NN|VB"
"peak","target","semantic-2","two","stems-from-aff",4,8419,9.038,NA,"{p""ik}","1","NN|VB"
"pile","prime","semantic-2","two","stems-from-aff",4,5666,8.642,NA,"{p""aIl}","1","NN|VB"
"placebo","target","identity","one","one",7,1114,7.016,NA,"{pl@.s""i.bo}","1","NN"
"plain","target","stem-from-affix-conds","two","stems-from-aff",5,23526,10.066,NA,"{pl""en}","1","JJ|NN|RB"
"plainly","target","suffix","one","one",7,1777,7.483,NA,"{pl""en}.>li>","2","RB"
"plan","target","stem-from-affix-conds","two","stems-from-aff",4,63172,11.054,NA,"{pl""an}","1","NN|VB"
"planner","target","suffix","one","one",7,1840,7.518,NA,"{pl""an}.>@`>","2","NN"
"plate","target","semantic-2","two","stems-from-aff",5,10419,9.251,NA,"{pl""et}","1","NN|VB"
"play","target","stem-from-suffixed-prime","two","stem-standard",4,149546,11.915,NA,"{pl""e}","1","VB|NN"
"playable","target","suffixed-stem","one","one",8,2829,7.948,NA,"{pl""e}>@.bl=>","2","JJ"
"playable","prime","stem-from-suffixed-prime","two","stem-standard",8,2829,7.948,NA,"{pl""e}>@.bl=>","2","JJ"
"playful","prime","suffixed-stem","one","one",7,1020,6.928,NA,"{pl""e}.>fl=>","2","JJ"
"pleasant","prime","semantic","one","two",8,6736,8.815,NA,"{pl""E.z--n=t}","2","JJ|NN"
"poet","prime","stem-from-affix-conds","two","stems-from-aff",4,3454,8.147,NA,"{p""o@t}","1","NN"
"poetic","prime","suffix","one","one",6,1433,7.268,NA,"{po.""E4$}.>Ik>","2","JJ"
"policies","prime","orthographic","one","two",8,15119,9.624,NA,"{p""A.l@.si}>z>","2","NN"
"politely","target","orthographic","one","two",8,2377,7.774,NA,"{p@.l""aIt}.>li>","2","RB"
"prearrange","target","prefixed-stem","one","one",10,9,2.197,NA,"<pr%i<{@`.r""endZ}","2","VB"
"precut","prime","prefixed-stem","one","one",6,28,3.332,NA,"<pr%i<.{k""Vt}","2","JJ"
"preschool","prime","stem-from-prefixed-prime","two","stem-standard",9,670,6.507,NA,"<pr""i<.{skul}","2","NN"
"preserve","target","semantic","one","two",8,6306,8.749,NA,"{pr@-.-z""3`v}","2","VB|NN"
"preset","prime","stem-from-prefixed-prime","two","stem-standard",6,702,6.554,NA,"<pr""i<.{sEt}","2","JJ|NN"
"price","target","stem-from-affix-conds","two","stems-from-aff",5,153716,11.943,NA,"{pr""aIs}","1","NN|VB"
"priceless","target","suffix","one","one",9,916,6.82,NA,"{pr""aIs}.>l@s>","2","JJ"
"priest","target","semantic-2","two","stems-from-aff",6,14417,9.576,NA,"{pr""ist}","1","NN"
"prime","target","nw-w_foil","two","stem-standard",5,22011,9.999,NA,"{pr""aIm}","1","JJ|NN|VB"
"prison","target","semantic-2","two","stems-from-aff",6,13247,9.492,NA,"{pr""I.zn=}","1","NN"
"prisoner","target","semantic","one","two",8,4485,8.408,NA,"{pr""I.zn=}.>@`>","2","NN"
"proctor","target","nw-w_foil","one","one",7,855,6.751,NA,"{pr""Ak.t@`}","1","NN"
"producer","target","semantic","one","two",8,7676,8.946,NA,"{pr@-.-d""us}.>@`>","3","NN"
"proud","target","stem-from-affix-conds","two","stems-from-aff",5,16648,9.72,NA,"{pr""aUd}","1","JJ|NN"
"proudly","target","suffix","one","one",7,2333,7.755,NA,"{pr""aUd}.>li>","2","RB"
"prove","prime","stem-from-affix-conds","two","stems-from-aff",5,31645,10.362,NA,"{pr""uv}","1","VB|NN"
"proverb","target","identity","one","one",7,1202,7.092,NA,"{pr""A.v3`b}","1","NN"
"qualify","prime","stem-from-affix-conds","two","stems-from-aff",7,9003,9.105,NA,"{kw""A.l@.faI}","1","VB"
"quibble","target","nw-w_foil","one","one",7,835,6.727,NA,"{kw""I.bl=}","1","VB|NN"
"raise","target","identity","two","stem-standard",5,24837,10.12,NA,"{r""ez}","1","VB|NN"
"rambling","prime","orthographic","one","two",8,1642,7.404,NA,"{r""am.bl=}.>IN>","2","NN|VB|JJ"
"rampage","target","orthographic","one","two",7,1277,7.152,NA,"{r""am.p--edZ}","2","NN"
"rational","target","stem-from-prefixed-prime","two","stem-standard",8,11109,9.316,NA,"{r""aS.nl=}","1","JJ"
"reactions","prime","semantic","one","two",9,7371,8.905,NA,"{ri-.-""ak.S$}>n=>>z>","4","NN"
"readjust","target","prefix","one","one",8,184,5.215,NA,"<r%i<{@.dZ""Vst}","2","VB"
"reappear","prime","prefixed-stem","one","one",8,563,6.333,NA,"<r%i<{@.p""Ir}","2","VB|JJ"
"rearm","prime","prefixed-stem","one","one",5,66,4.19,NA,"<r%i<.{""Arm}","2","VB"
"rearrange","prime","prefixed-stem","one","one",9,797,6.681,NA,"<r%i<{@`.r""endZ}","2","VB"
"rebirth","prime","stem-from-prefixed-prime","two","stem-standard",7,2644,7.88,NA,"<r%i<.{b""3`T}","2","NN"
"rebound","target","prefixed-stem","one","one",7,1240,7.123,NA,"<r""i<.{baUnd}","2","NN"
"rebuild","prime","prefix","one","one",7,4261,8.357,NA,"<r%i<.{b""Ild}","2","VB"
"recharge","prime","prefixed-stem","one","one",8,835,6.727,NA,"<r%i<.{tS""ArdZ}","2","VB|NN"
"recount","prime","prefixed-stem","one","one",7,337,5.82,NA,"<r""i<.{kaUnt}","2","NN"
"recreate","prime","stem-from-prefixed-prime","two","stem-standard",8,1604,7.38,NA,"<r%i<.{kri.""et}","2","VB"
"recycle","prime","prefix","one","one",7,1094,6.998,NA,"<r%i<.{s""aI.kl=}","2","VB"
"redirect","target","prefixed-stem","one","one",8,1989,7.595,NA,"<r%i<.{d@.r""Ekt}","2","VB"
"redo","prime","prefixed-stem","one","one",4,1061,6.967,NA,"<r%i<.{d""u}","2","VB"
"reduction","prime","semantic","one","two",9,8325,9.027,NA,"{rI-.-d""Vk.S--n=}","3","NN"
"refurbish","target","prefix","one","one",9,88,4.477,NA,"<r%i<.{f""3`.bIS}","2","VB"
"relation","prime","semantic","one","two",8,8066,8.995,NA,"{rI.l""e.S$}>n=>","2","NN"
"relive","target","prefix","one","one",6,308,5.73,NA,"<r%i<.{l""Iv}","2","VB"
"relive","prime","stem-from-prefixed-prime","two","stem-standard",6,308,5.73,NA,"<r%i<.{l""Iv}","2","VB"
"reload","target","prefixed-stem","one","one",6,2268,7.727,NA,"<r%i<.{l""od}","2","NN|VB"
"relocate","target","prefixed-stem","one","one",8,2261,7.724,NA,"<r%i<.{l""o.ket}","2","VB"
"remake","prime","stem-from-prefixed-prime","two","stem-standard",6,1492,7.308,NA,"<r""i<.{mek}","2","NN"
"remarry","prime","prefix","one","one",7,102,4.625,NA,"<r%i<.{m""a.ri}","2","VB"
"remodel","target","prefix","one","one",7,96,4.564,NA,"<r%i<.{m""A.4l=}","2","NN"
"rename","target","prefix","one","one",6,3885,8.265,NA,"<r%i<.{n""em}","2","VB"
"reopen","prime","stem-from-prefixed-prime","two","stem-standard",6,782,6.662,NA,"<r%i<.{""o.p@n}","2","VB"
"reorder","target","prefixed-stem","one","one",7,278,5.628,NA,"<r%i<.{""Or.4@`}","2","VB"
"repaint","prime","prefix","one","one",7,391,5.969,NA,"<r%i<.{p""ent}","2","VB"
"reprint","target","prefixed-stem","one","one",7,2890,7.969,NA,"<r""i<.{prInt}","2","NN"
"reread","target","prefixed-stem","one","one",6,1772,7.48,NA,"<r%i<.{r""id}","2","VB"
"resale","target","prefix","one","one",6,1381,7.231,NA,"<r""i<.{sel}","2","NN"
"resettle","target","prefixed-stem","one","one",8,64,4.159,NA,"<r%i<.{s""E.4l=}","2","VB"
"residue","target","identity","one","one",7,1206,7.095,NA,"{r""E.z@.du}","1","NN"
"rest","prime","stem-from-affix-conds","two","stems-from-aff",4,78610,11.272,NA,"{r""Est}","1","NN|VB"
"restless","prime","suffix","one","one",8,956,6.863,NA,"{r""Est}.>l@s>","2","JJ"
"restock","prime","prefixed-stem","one","one",7,140,4.942,NA,"<r%i<.{st""Ak}","2","VB"
"retouch","prime","prefix","one","one",7,51,3.932,NA,"<r%i<.{t""VtS}","2","VB"
"retrace","prime","prefix","one","one",7,492,6.198,NA,"<r%i<.{tr""es}","2","VB"
"rightful","prime","suffixed-stem","one","one",8,908,6.811,NA,"{r""aIt}.>fl=>","2","JJ"
"rightly","target","suffixed-stem","one","one",7,2179,7.687,NA,"{r""aIt}.>li>","2","RB"
"romantic","prime","semantic","one","two",8,6456,8.773,NA,"{ro.m""an.4Ik}","1","JJ|NN"
"safe","target","stem-from-prefixed-prime","two","stem-standard",4,33169,10.409,NA,"{s""ef}","1","JJ|NN"
"sale","target","stem-from-affix-conds","two","stems-from-aff",4,95391,11.466,NA,"{s""el}","1","NN"
"sanctuary","prime","semantic","one","two",9,5772,8.661,NA,"{s""aNk.tS--u.%E.ri}","2","NN"
"sand","target","semantic-2","two","stems-from-aff",4,10083,9.219,NA,"{s""and}","1","NN|VB"
"sane","target","stem-from-affix-conds","two","stems-from-aff",4,3942,8.279,NA,"{s""en}","1","JJ|NN"
"sapphire","target","identity","one","one",8,2832,7.949,NA,"{s""a.faIr}","1","NN"
"scale","target","identity","two","stem-standard",5,24681,10.114,NA,"{sk""el}","1","NN|VB"
"scarcely","target","suffixed-stem","one","one",8,742,6.609,NA,"{sk""Ers}.>li>","2","RB|JJ"
"scarcity","prime","suffixed-stem","one","one",8,611,6.415,NA,"{sk""Ers}.>@.4i>","2","NN"
"scarf","prime","semantic-2","two","stems-from-aff",5,826,6.717,NA,"{sk""Arf}","1","NN"
"schedules","prime","orthographic","one","two",9,4807,8.478,NA,"{sk""E.dZul}>z>","2","NN|VB"
"schematic","target","orthographic","one","two",9,2021,7.611,NA,"{skIm$}.>""a.4Ik>","2","JJ"
"school","target","stem-from-prefixed-prime","two","stem-standard",6,119951,11.695,NA,"{sk""ul}","1","NN|VB"
"scorpion","target","identity","one","one",8,2696,7.9,NA,"{sk""Or.pi@n}","1","NN"
"scrambled","prime","orthographic","one","two",9,1652,7.41,NA,"{skr""am.bl=}>d>","2","VB"
"scratches","target","orthographic","one","two",9,2273,7.729,NA,"{skr""atS}.>@z>","2","NN|VB"
"scuba","prime","semantic-2","two","stems-from-aff",5,2174,7.684,NA,"{sk""u.b@}","1","NN"
"seam","target","stem-from-affix-conds","two","stems-from-aff",4,1085,6.989,NA,"{s""im}","1","NN|VB"
"seamless","target","suffix","one","one",8,1693,7.434,NA,"{s""im}.>l@s>","2","JJ"
"secret","target","stem-from-affix-conds","two","stems-from-aff",6,35327,10.472,NA,"{s""i.kr@t}","1","JJ|NN"
"secretly","target","suffix","one","one",8,2228,7.709,NA,"{s""i.kr@t}.>li>","2","RB"
"secure","target","stem-from-affix-conds","two","stems-from-aff",6,14198,9.561,NA,"{sI.kj""Ur}","1","VB|JJ"
"see","target","stem-from-prefixed-prime","two","stem-standard",3,580882,13.272,NA,"{s""i}","1","VB"
"seek","target","semantic-2","two","stems-from-aff",4,19663,9.886,NA,"{s""ik}","1","VB"
"semantic","prime","orthographic","one","two",8,2056,7.629,NA,"{sI.m""an.4--Ik}","2","JJ"
"seminar","target","orthographic","one","two",7,5384,8.591,NA,"{s""E.m@.n--Ar}","2","NN"
"serene","target","stem-from-affix-conds","two","stems-from-aff",6,397,5.984,NA,"{s@.r""in}","1","JJ|NN"
"serenity","target","suffix","one","one",8,561,6.33,NA,"{s@`.r""En$}.>@.4i>","2","NN"
"serve","target","identity","two","stem-standard",5,27117,10.208,NA,"{s""3`v}","1","VB"
"set","target","stem-from-prefixed-prime","two","stem-standard",3,288326,12.572,NA,"{s""Et}","1","VB|NN|JJ"
"shame","target","stem-from-affix-conds","two","stems-from-aff",5,11304,9.333,NA,"{S""em}","1","NN|VB"
"shameful","target","suffix","one","one",8,873,6.772,NA,"{S""em}.>fl=>","2","JJ"
"sharp","target","stem-from-suffixed-prime","two","stem-standard",5,12847,9.461,NA,"{S""Arp}","1","JJ|NN"
"sharply","prime","stem-from-suffixed-prime","two","stem-standard",7,2032,7.617,NA,"{S""Arp}.>li>","2","RB"
"shirt","target","semantic-2","two","stems-from-aff",5,8155,9.006,NA,"{S""3`t}","1","NN"
"shoot","target","stem-from-affix-conds","two","stems-from-aff",5,23531,10.066,NA,"{S""ut}","1","VB|NN"
"shooter","target","suffix","one","one",7,2389,7.779,NA,"{S""u4}.>@`>","2","NN"
"shoulders","target","orthographic","one","two",9,7751,8.956,NA,"{S""ol.d@`}>z>","2","NN|VB"
"shouting","prime","orthographic","one","two",8,3165,8.06,NA,"{S""aU4}.>IN>","2","VB|NN"
"shrimp","target","nw-w_foil","one","one",6,1993,7.597,NA,"{Sr""Imp}","1","NN"
"sick","target","stem-from-affix-conds","two","stems-from-aff",4,22109,10.004,NA,"{s""Ik}","1","JJ|NN|VB"
"sickness","target","suffix","one","one",8,1765,7.476,NA,"{s""Ik}.>n@s>","2","NN"
"signature","target","semantic","one","two",9,20062,9.907,NA,"{s""Ig.n$}>@.tS@`>","2","NN"
"silly","target","nw-w_foil","two","stem-standard",5,21570,9.979,NA,"{s""I.li}","1","JJ|NN"
"sinful","prime","suffixed-stem","one","one",6,1041,6.948,NA,"{s""In}.>fl=>","2","JJ"
"sinner","target","suffixed-stem","one","one",6,1124,7.025,NA,"{s""In}.>@`>","2","NN"
"sizable","target","suffix","one","one",7,853,6.749,NA,"{s""aIz}.>@.bl=>","2","JJ"
"size","target","stem-from-affix-conds","two","stems-from-aff",4,107005,11.581,NA,"{s""aIz}","1","NN|VB"
"skill","target","stem-from-suffixed-prime","two","stem-standard",5,18471,9.824,NA,"{sk""Il}","1","NN|JJ"
"skillful","prime","stem-from-suffixed-prime","two","stem-standard",8,494,6.203,NA,"{sk""Il}.>fl=>","2","JJ"
"sleeper","prime","suffixed-stem","one","one",7,1093,6.997,NA,"{sl""ip}.>@`>","2","NN"
"sleepless","target","suffixed-stem","one","one",9,490,6.194,NA,"{sl""ip}.>l@s>","2","JJ"
"smart","prime","semantic-2","two","stems-from-aff",5,17782,9.786,NA,"{sm""Art}","1","JJ|NN|VB"
"smile","target","semantic-2","two","stems-from-aff",5,12276,9.415,NA,"{sm""aIl}","1","NN|VB"
"smoke","target","semantic-2","two","stems-from-aff",5,16648,9.72,NA,"{sm""ok}","1","NN|VB"
"soft","target","stem-from-affix-conds","two","stems-from-aff",4,22233,10.009,NA,"{s""Oft}","1","JJ|RB"
"softness","target","suffix","one","one",8,595,6.389,NA,"{s""Oft}.>n@s>","2","NN"
"solid","target","nw-w_foil","two","stem-standard",5,24264,10.097,NA,"{s""A.l@d}","1","JJ|NN|RB"
"solve","target","nw-w_foil","two","stem-standard",5,20011,9.904,NA,"{s""Alv}","1","VB|NN"
"soprano","target","identity","one","one",7,913,6.817,NA,"{s@.pr""a.no}","1","NN|JJ"
"sore","prime","stem-from-affix-conds","two","stems-from-aff",4,3354,8.118,NA,"{s""Or}","1","JJ"
"soreness","prime","suffix","one","one",8,413,6.023,NA,"{s""Or}.>n@s>","2","NN"
"speech","target","stem-from-suffixed-prime","two","stem-standard",6,36422,10.503,NA,"{sp""itS}","1","NN"
"speechless","prime","stem-from-suffixed-prime","two","stem-standard",10,526,6.265,NA,"{sp""itS}.>l@s>","2","JJ"
"spell","prime","stem-from-affix-conds","two","stems-from-aff",5,21472,9.975,NA,"{sp""El}","1","NN|VB"
"spinach","target","nw-w_foil","one","one",7,895,6.797,NA,"{sp""I.nItS}","1","NN"
"split","target","identity","two","stem-standard",5,22189,10.007,NA,"{spl""It}","1","NN|VB|JJ"
"sponge","target","nw-w_foil","one","one",6,1597,7.376,NA,"{sp""VndZ}","1","NN"
"sprinkle","target","identity","one","one",8,1246,7.128,NA,"{spr""IN.kl=}","1","VB|NN"
"stack","target","semantic-2","two","stems-from-aff",5,14654,9.592,NA,"{st""ak}","1","NN|VB"
"stage","target","identity","two","stem-standard",5,30645,10.33,NA,"{st""edZ}","1","NN|VB"
"stamina","target","nw-w_foil","one","one",7,763,6.637,NA,"{st""a.m@.n@}","1","NN"
"stature","target","identity","one","one",7,1067,6.973,NA,"{st""a.tS@`}","1","NN"
"steel","target","semantic-2","two","stems-from-aff",5,18414,9.821,NA,"{st""il}","1","NN|VB"
"sterile","target","identity","one","one",7,1472,7.294,NA,"{st""E.rl=}","1","JJ"
"strategic","prime","orthographic","one","two",9,8845,9.088,NA,"{str@.t""i.dZ--Ik}","2","JJ"
"structure","target","orthographic","one","two",9,29885,10.305,NA,"{str""Vk.tS--@`}","2","NN|VB"
"stuck","target","nw-w_foil","two","stem-standard",5,21401,9.971,NA,"{st""Vk}","1","VB"
"summit","prime","semantic-2","two","stems-from-aff",6,5625,8.635,NA,"{s""V.m@t}","1","NN"
"swift","prime","stem-from-affix-conds","two","stems-from-aff",5,4024,8.3,NA,"{sw""Ift}","1","JJ|NN"
"swiftly","prime","suffix","one","one",7,893,6.795,NA,"{sw""Ift}.>li>","2","RB"
"syndrome","target","semantic","one","two",8,7055,8.861,NA,"{s""In.drom}","1","NN"
"synthesis","prime","semantic","one","two",9,6742,8.816,NA,"{s""In-.-T@.s--Is}","3","NN"
"tabloid","target","identity","one","one",7,1102,7.005,NA,"{t""a.blOId}","1","NN"
"tall","target","semantic-2","two","stems-from-aff",4,11346,9.337,NA,"{t""Ol}","1","JJ|NN"
"task","target","nw-w_foil","two","stem-standard",4,21503,9.976,NA,"{t""ask}","1","NN|VB"
"tasteful","prime","suffixed-stem","one","one",8,502,6.219,NA,"{t""est}.>fl=>","2","JJ"
"tasteless","target","suffixed-stem","one","one",9,1289,7.162,NA,"{t""est}.>l@s>","2","JJ"
"tax","target","stem-from-affix-conds","two","stems-from-aff",3,62254,11.039,NA,"{t""aks}","1","NN|VB"
"taxable","target","suffix","one","one",7,1526,7.33,NA,"{t""aks}.>@.bl=>","2","JJ"
"teach","target","identity","two","stem-standard",5,22492,10.021,NA,"{t""itS}","1","VB"
"tenure","target","nw-w_foil","one","one",6,1463,7.288,NA,"{t""E.nj@`}","1","NN"
"thank","target","stem-from-affix-conds","two","stems-from-aff",5,95706,11.469,NA,"{T""aNk}","1","VB|NN"
"thankful","target","suffix","one","one",8,2279,7.731,NA,"{T""aNk}.>fl=>","2","JJ"
"thick","target","stem-from-suffixed-prime","two","stem-standard",5,11429,9.344,NA,"{T""Ik}","1","JJ|NN|RB"
"thickness","prime","stem-from-suffixed-prime","two","stem-standard",9,2209,7.7,NA,"{T""Ik}.>n@s>","2","NN"
"thought","target","stem-from-suffixed-prime","two","stem-standard",7,174954,12.072,NA,"{T""Ot}","1","VB|NN"
"thoughtful","prime","stem-from-suffixed-prime","two","stem-standard",10,2448,7.803,NA,"{T""Ot}.>fl=>","2","JJ"
"threaten","prime","orthographic","one","two",8,4138,8.328,NA,"{Tr""Et}.>n=>","2","VB"
"threshold","target","orthographic","one","two",9,2994,8.004,NA,"{Tr""ES.hold}","1","NN"
"throne","prime","stem-from-affix-conds","two","stems-from-aff",6,5951,8.691,NA,"{Tr""on}","1","NN"
"time","prime","stem-from-affix-conds","two","stems-from-aff",4,788823,13.578,NA,"{t""aIm}","1","NN|VB"
"timeless","prime","suffix","one","one",8,809,6.696,NA,"{t""aIm}.>l@s>","2","JJ"
"titan","prime","stem-from-affix-conds","two","stems-from-aff",5,2713,7.906,NA,"{t""aI.tn=}","1","NN"
"titanic","prime","suffix","one","one",7,765,6.64,NA,"{taI.t""an$}.>Ik>","2","NN|JJ"
"tolerance","target","semantic","one","two",9,5156,8.548,NA,"{t""A.l@`.r--@ns}","2","NN"
"tongue","target","semantic-2","two","stems-from-aff",6,14963,9.613,NA,"{t""VN}","1","NN"
"touch","prime","stem-from-affix-conds","two","stems-from-aff",5,34803,10.457,NA,"{t""VtS}","1","NN|VB"
"trace","prime","stem-from-affix-conds","two","stems-from-aff",5,8554,9.054,NA,"{tr""es}","1","NN|VB"
"trade","target","stem-from-suffixed-prime","two","stem-standard",5,76384,11.244,NA,"{tr""ed}","1","NN|VB"
"trader","prime","stem-from-suffixed-prime","two","stem-standard",6,2675,7.892,NA,"{tr""e4}.>@`>","2","NN"
"travel","target","stem-from-suffixed-prime","two","stem-standard",6,45977,10.736,NA,"{tr""a.vl=}","1","NN|VB"
"traveler","prime","stem-from-suffixed-prime","two","stem-standard",8,2049,7.625,NA,"{tr""a.vl=}.>@`>","2","NN"
"treasury","prime","semantic","one","two",8,4536,8.42,NA,"{tr""E.Zr}.>i>","2","NN"
"trick","target","semantic-2","two","stems-from-aff",5,15658,9.659,NA,"{tr""Ik}","1","NN|VB"
"trickle","target","nw-w_foil","one","one",7,1586,7.369,NA,"{tr""I.kl=}","1","NN|VB"
"TRUE","prime","stem-from-affix-conds","two","stems-from-aff",4,0,0,NA,"{tr""u}","1","JJ"
"tweet","prime","stem-from-affix-conds","two","stems-from-aff",5,270,5.598,NA,"{tw""it}","1","VB|NN"
"tweeter","prime","suffix","one","one",7,450,6.109,NA,"{tw""i4}.>@`>","2","NN"
"unbelief","prime","prefixed-stem","one","one",8,185,5.22,NA,"<%Vn<.{b@.l""if}","2","NN"
"unbound","prime","prefixed-stem","one","one",7,346,5.846,NA,"<Vn<.{b""aUnd}","2","JJ"
"unburden","prime","prefixed-stem","one","one",8,26,3.258,NA,"<Vn<.{b""3`.dn=}","2","VB"
"uncle","target","semantic-2","two","stems-from-aff",5,10780,9.285,NA,"{""VN.kl=}","1","NN"
"unclear","target","prefix","one","one",7,3993,8.292,NA,"<Vn<.{kl""Ir}","2","JJ"
"uncommon","target","prefix","one","one",8,19316,9.869,NA,"<Vn<.{k""A.m@n}","2","JJ"
"uncut","target","prefixed-stem","one","one",5,1267,7.144,NA,"<Vn<.{k""Vt}","2","JJ|NN"
"undo","target","prefixed-stem","one","one",4,2398,7.782,NA,"<Vn<.{d""u}","2","VB"
"undress","prime","stem-from-prefixed-prime","two","stem-standard",7,580,6.363,NA,"<Vn<.{dr""Es}","2","VB|NN"
"undue","prime","prefixed-stem","one","one",5,1087,6.991,NA,"<Vn<.{d""u}","2","JJ"
"uneven","prime","prefix","one","one",6,1235,7.119,NA,"<Vn<.{""i.vn=}","2","JJ"
"unfair","prime","prefix","one","one",6,6396,8.763,NA,"<Vn<.{f""Er}","2","JJ|NN"
"unfit","target","prefixed-stem","one","one",5,805,6.691,NA,"<Vn<.{f""It}","2","JJ"
"unfold","prime","stem-from-prefixed-prime","two","stem-standard",6,583,6.368,NA,"<Vn<.{f""old}","2","VB"
"unjust","prime","stem-from-prefixed-prime","two","stem-standard",6,1787,7.488,NA,"<Vn<.{dZ""Vst}","2","JJ|NN"
"unleash","prime","stem-from-prefixed-prime","two","stem-standard",7,642,6.465,NA,"<Vn<.{l""iS}","2","VB"
"unlike","target","prefixed-stem","one","one",6,18198,9.809,NA,"<Vn<.{l""aIk}","2","minor"
"unload","prime","prefixed-stem","one","one",6,1880,7.539,NA,"<Vn<.{l""od}","2","VB|NN"
"unlock","prime","stem-from-prefixed-prime","two","stem-standard",6,1507,7.318,NA,"<Vn<.{l""Ak}","2","VB"
"unpack","prime","stem-from-prefixed-prime","two","stem-standard",6,1392,7.238,NA,"<Vn<.{p""ak}","2","VB"
"unsafe","prime","stem-from-prefixed-prime","two","stem-standard",6,1688,7.431,NA,"<Vn<.{s""ef}","2","JJ|NN"
"unsettle","prime","prefixed-stem","one","one",8,28,3.332,NA,"<Vn<.{s""E.4l=}","2","VB"
"untrue","prime","prefix","one","one",6,2364,7.768,NA,"<Vn<.{tr""u}","2","JJ"
"unusual","target","prefix","one","one",7,12648,9.445,NA,"<Vn<.{j""u.Zu@l}","2","JJ"
"unwise","prime","stem-from-prefixed-prime","two","stem-standard",6,744,6.612,NA,"<Vn<.{w""aIz}","2","JJ"
"usual","target","stem-from-affix-conds","two","stems-from-aff",5,28950,10.273,NA,"{j""u.Zu@l}","1","JJ|NN"
"vacation","target","semantic","one","two",8,9491,9.158,NA,"{ve.k--""e.S$}>n=>","3","NN|VB"
"visible","prime","stem-from-affix-conds","two","stems-from-aff",7,12546,9.437,NA,"{v""I.z--@.bl=}","2","JJ"
"waste","target","identity","two","stem-standard",5,27081,10.207,NA,"{w""est}","1","NN|VB|JJ"
"watcher","target","suffixed-stem","one","one",7,1464,7.289,NA,"{w""AtS}.>@`>","2","NN"
"watchful","prime","suffixed-stem","one","one",8,282,5.642,NA,"{w""AtS}.>fl=>","2","JJ"
"weekends","prime","semantic","one","two",8,5103,8.538,NA,"{w""ik}.{End}>z>","3","NN"
"whine","prime","stem-from-affix-conds","two","stems-from-aff",5,3757,8.231,NA,"{hw""aIn}","1","NN|VB"
"whiner","prime","suffix","one","one",6,718,6.576,NA,"{hw""aIn}.>@`>","2","NN"
"whiskey","target","nw-w_foil","one","one",7,1364,7.218,NA,"{hw""I.ski}","1","NN"
"whistle","target","identity","one","one",7,2672,7.891,NA,"{hw""I.sl=}","1","NN"
"wildlife","prime","semantic","one","two",8,4582,8.43,NA,"{w""aIld}.{l%aIf}","2","NN"
"wireless","target","semantic","one","two",8,6503,8.78,NA,"{w""aIr}.>l@s>","2","JJ|NN"
"wise","target","stem-from-prefixed-prime","two","stem-standard",4,13444,9.506,NA,"{w""aIz}","1","JJ|NN"
"wolf","target","nw-w_foil","two","stem-standard",4,21576,9.979,NA,"{w""Ulf}","1","NN|VB"
"work","target","stem-from-affix-conds","two","stems-from-aff",4,451298,13.02,NA,"{w""3`k}","1","NN|VB"
"workable","target","suffix","one","one",8,1678,7.425,NA,"{w""3`k}.>@.bl=>","2","JJ"
"workshop","prime","orthographic","one","two",8,15377,9.641,NA,"{w""3`k}.{S%Ap}","2","NN"
"worldwide","target","orthographic","one","two",9,18597,9.831,NA,"{w%3`ld}.{w""aId}","2","JJ"
"worry","target","identity","two","stem-standard",5,27060,10.206,NA,"{w""3`.ri}","1","VB|NN"
"wrong","target","stem-from-suffixed-prime","two","stem-standard",5,138848,11.841,NA,"{r""ON}","1","JJ|NN|RB|VB"
"wrongful","prime","stem-from-suffixed-prime","two","stem-standard",8,560,6.328,NA,"{r""ON}.>fl=>","2","JJ"
